Workbook

Sheet 200K OMAHA 5 K.O
A1: 200K OMAHA 5 K.O
A2: Data (Brasília) | B2: 25/09/2026 20:00
A3: Buy-in (R$) | B3: 2000 | F3: BUY IN | G3: REENTRY
A4: Inscritos | B4: 30 | E4: AÇÕES TOTAIS | F4: 30 | G4: 36
A5: Modelo de ranking | B5: Ranking Geral SPT
A6: Fator do torneio | B6: 1
A7: Posição | B7: Jogador | C7: Pontos | D7: ID jogador
A8: 1 | B8: Vasco Tavares Neto | C8: 1200 | D8: cdb58c59-1a68-4cfd-addc-fd60b340333e
A9: 2 | B9: Cahuê Silva | C9: 960 | D9: 69751524-cba2-4cda-9f43-919b8f94c625
A10: 3 | B10: Arnaldo Fernandes | C10: 840 | D10: 98e770ec-3b4a-4926-ae42-3f94f793e5c9
A11: 4 | B11: Rodrigo Akira | C11: 720 | D11: fd72cafe-ad50-4a7e-9b82-47c280d68b54
A12: 5 | B12: Adriano Junior Dos Santos | C12: 600 | D12: 62d70180-dad7-4f59-8d45-bf39a88b718d
A13: 6 | B13: Andrey Pérez do lago | C13: 540 | D13: 77f10e48-14e7-4092-b1ce-a854127650fe
A14: 7 | B14: Talles Eduardo Andrade Silva | C14: 480 | D14: bbe55b16-9c27-4d20-82d7-aaad63f72799
A15: 8 | B15: Caio Araujo | C15: 420 | D15: 9613e373-6975-461b-bb7a-c10865de9991
A16: 9 | B16: Adrian Moro Moz | C16: 360 | D16: 1863ace8-d2a8-4d4a-b70a-3e3e84be9ebd
A17: 10 | B17: Lucio Antunes | C17: 300 | D17: f9fb983d-1980-4587-9cda-1a7331878e31
A18: 11 | B18: Kelvin costner Alves de Oliveira | C18: 10 | D18: d30ba6a4-f1a4-4dd6-ba3d-0aad5f8e3b6e
A19: 12 | B19: Edval João de Almeida | C19: 10 | D19: 3402f7df-4929-476c-93e8-683e28685f16
... A37: 30 | B37: Diogo Yamamoto | C37: 10 | D37: 99a597dd-8341-44b2-918d-d96932ba6515
B39: Total de pontos distribuídos | C39: =SUM(C8:C37) -> 6620
B40: "—" = sem colocação (pontua pelo fora do ITM / participação)

Sheet HORSE
A1: HORSE
A2: Data (Brasília) | B2: 25/09/2026 21:00 | F2: BUY IN | G2: REENTRY
A3: Buy-in (R$) | B3: 800 | E3: AÇÕES TOTAIS | F3: 19 | G3: 4
A4: Inscritos | B4: 19
A5: Modelo de ranking | B5: Ranking Geral SPT
A6: Fator do torneio | B6: 1
A7: Posição | B7: Jogador | C7: Pontos | D7: ID jogador
A8: 1 | B8: Luke James Zinger | C8: 690 | D8: d434d9c4-86dd-4ef4-b89c-cde4d20c6239
A9: 2 | B9: Marcelo Lanza | C9: 552 | D9: 0387a8d1-fd63-47aa-b6e6-c9844ffd8f74
A10: 3 | B10: Carlos Felipe Verlangieri Difini | C10: 483 | D10: d1f3f8d1-d4cb-47c5-a0d2-caedbc1aa2df
A11: 4 | B11: Willian Pereira Barreto | C11: 414 | D11: 30731263-0701-4649-ae32-6cbf76e46ac0
A12: 5 | B12: Gabriela Belisario Lanza | C12: 10 | D12: da65c14b-1c75-4caf-826e-80d52a925dfd
A13: 6 | B13: Rodrigo garrido | C13: 10 | D13: e6ab286c-1580-4f8b-99fa-7f5b6b68f057
A14: 7 | B14: Lucio Antunes | C14: 10 | D14: f9fb983d-1980-4587-9cda-1a7331878e31
A15: 8 | B15: Gilmar José Chrusciak | C15: 10 | D15: 89624abc-cc55-4e67-bc85-0554b1be8152
A16: 9 | B16: Guilherme kalil | C16: 10 | D16: 17d3a65f-9f94-4ae5-89c9-13dfb3da1fac
A17: 10 | B17: José Heraldo Vaughi Jr | C17: 10 | D17: f3c0feab-f1a4-4c48-8860-f31ec9624720
A18: 11 | B18: Andrey Pérez do lago | C18: 10 | D18: 77f10e48-14e7-4092-b1ce-a854127650fe
A19: 12 | B19: Bruno Larotonda | C19: 10 | D19: 02983ecc-0141-4a93-bfda-ed3a55643047
... A26: 19 | B26: Bruno Avedisian Laudari | C26: 10 | D26: 1096a2de-8b2d-4c62-9cfc-0846d7a2f409
B28: Total de pontos distribuídos | C28: =SUM(C8:C26) -> 2289
B29: "—" = sem colocação (pontua pelo fora do ITM / participação)

Sheet SUPER K.O
A1: SUPER K.O
A2: Data (Brasília) | B2: 25/09/2026 22:00 | F2: BUY IN | G2: REENTRY
A3: Buy-in (R$) | B3: 500 | E3: AÇÕES TOTAIS | F3: 34 | G3: 9
A4: Inscritos | B4: 34
A5: Modelo de ranking | B5: Ranking Geral SPT
A6: Fator do torneio | B6: 1
A7: Posição | B7: Jogador | C7: Pontos | D7: ID jogador
A8: 1 | B8: Renato Jose Maria | C8: 672 | D8: bca868bb-13fb-493f-bbd4-0d430df82853
A9: 2 | B9: Tomaz Santos Pazito | C9: 672 | D9: 0f2b0eec-3478-4fa0-acd8-5e7cc92b6703
A10: 3 | B10: Auro Damazio De Assis | C10: 588 | D10: e8f409ae-c83b-49cf-a0fc-72d9c4e932ee
A11: 4 | B11: Regina Cassab | C11: 504 | D11: e3fdc36f-446f-43ed-b524-9faa96e4f9cd
A12: 5 | B12: Abilio Moço Vieira Neto | C12: 420 | D12: 5d2d11fa-fe04-4b55-bba1-60754b2d77f4
A13: 6 | B13: Warley Santos | C13: 378 | D13: a1597f02-c745-4804-b91e-5125fd8be63b
A14: — | B14: Andrey Pérez do lago | C14: 10 | D14: 77f10e48-14e7-4092-b1ce-a854127650fe
A15: — | B15: Arnaldo Fernandes | C15: 10 | D15: 98e770ec-3b4a-4926-ae42-3f94f793e5c9
A16: — | B16: Bruno Blois | C16: 10 | D16: afe6ed6f-969e-40f2-bfaf-16f12f716525
A17: — | B17: Daniel da Silva Santos | C17: 10 | D17: 97a3d8e5-6ff9-4794-ae9f-e12b622a6094
A18: — | B18: Denison Klein Barreiros Da Silva | C18: 10 | D18: f083d6b0-8a98-4acd-9954-b9ba3f097c24
A19: — | B19: Diego silva nunes machado | C19: 10 | D19: 731563ca-2145-426a-8b7e-682434ee9134
A20: — | B20: Edwigenes Doria Alves Pereira | C20: 10 | D20: 7429e92a-f250-421f-87e1-40363db7988e
A21: — | B21: Felipe Urban | C21: 10 | D21: b5978087-2dc4-4b69-94c1-a94ad7e54e5f
A22: — | B22: Gabriel Antunes Rodrigues Vital | C22: 10 | D22: 068c0c2c-6f84-4003-9810-04a260ef4ad8
A23: — | B23: Geovane Rodrigues | C23: 10 | D23: 0cef31de-1da9-4a84-9859-e7abc6f26a3c
A24: — | B24: Gustavo Akio | C24: 10 | D24: ec7d2735-4445-4bc3-9d4b-59b11b88af74
A25: — | B25: Helvio Queiroz | C25: 10 | D25: b688e110-3035-4163-adf6-a9ae3bbe90cc
... A41: — | B41: Roberto J Santos | C41: 10 | D41: b430bf0b-161a-47c3-bab0-d1a8e5286174
B43: Total de pontos distribuídos | C43: =SUM(C8:C41) -> 3514
B44: "—" = sem colocação (pontua pelo fora do ITM / participação)

Sheet 8 GAME
A1: 8 GAME
A2: Data (Brasília) | B2: 26/09/2026 15:00
A3: Buy-in (R$) | B3: 1200 | G3: BUY IN | H3: REENTRY
A4: Inscritos | B4: 14 | F4: AÇÕES TOTAIS | G4: 14 | H4: 4
A5: Modelo de ranking | B5: Ranking Geral SPT
A6: Fator do torneio | B6: 1
A7: Posição | B7: Jogador | C7: Pontos | D7: ID jogador
A8: 1 | B8: Guilherme kalil | C8: 768 | D8: 17d3a65f-9f94-4ae5-89c9-13dfb3da1fac
A9: 2 | B9: Marcelo Lanza | C9: 614.4 | D9: 0387a8d1-fd63-47aa-b6e6-c9844ffd8f74
A10: 3 | B10: Willian Pereira Barreto | C10: 537.6 | D10: 30731263-0701-4649-ae32-6cbf76e46ac0
A11: 4 | B11: PEDRO HERNESTO ZUCCARATO BAROSSI | C11: 460.8 | D11: 2848e788-065d-4b16-ab46-d6407babf9b4
A12: 5 | B12: Gilmar José Chrusciak | C12: 10 | D12: 89624abc-cc55-4e67-bc85-0554b1be8152
A13: 6 | B13: BRENNO LENZI RESENDE | C13: 10 | D13: 01a28d50-7929-4a30-80c9-3b4499aa8aec
A14: 7 | B14: José Heraldo Vaughi Jr | C14: 10 | D14: f3c0feab-f1a4-4c48-8860-f31ec9624720
A15: 8 | B15: Daniel Fuzetto Ferreira | C15: 10 | D15: 3595283d-1d4b-4817-b828-d7b9ba6c188a
A16: 9 | B16: Vasco Tavares Neto | C16: 10 | D16: cdb58c59-1a68-4cfd-addc-fd60b340333e
A17: 10 | B17: Rodrigo garrido | C17: 10 | D17: e6ab286c-1580-4f8b-99fa-7f5b6b68f057
A18: 11 | B18: Bruno Larotonda | C18: 10 | D18: 02983ecc-0141-4a93-bfda-ed3a55643047
A19: 12 | B19: Luke James Zinger | C19: 10 | D19: d434d9c4-86dd-4ef4-b89c-cde4d20c6239
... A21: 14 | B21: Carlos Felipe Verlangieri Difini | C21: 10 | D21: d1f3f8d1-d4cb-47c5-a0d2-caedbc1aa2df
B23: Total de pontos distribuídos | C23: =SUM(C8:C21) -> 2480.8
B24: "—" = sem colocação (pontua pelo fora do ITM / participação)

Sheet 100K OMAHA MYSTERY BOUNTY
A1: 100K OMAHA MYSTERY BOUNTY
A2: Data (Brasília) | B2: 26/09/2026 17:00 | F2: BUY IN | G2: REENTRY
A3: Buy-in (R$) | B3: 1500 | E3: AÇÕES TOTAIS | F3: 25 | G3: 43
A4: Inscritos | B4: 25
A5: Modelo de ranking | B5: Ranking Geral SPT
A6: Fator do torneio | B6: 1
A7: Posição | B7: Jogador | C7: Pontos | D7: ID jogador
A8: 1 | B8: Cahuê Silva | C8: 900 | D8: 69751524-cba2-4cda-9f43-919b8f94c625
A9: 2 | B9: Saulo Artuso Bueno Panini Mazarin | C9: 720 | D9: 1d6fd03a-4245-47fe-bbd3-1b7c2cbb1cb2
A10: 3 | B10: Rogério da Silva Mota | C10: 630 | D10: f7e7b6a4-5aa9-4917-ae19-00c2d685d33c
A11: 4 | B11: Davi Fraiz de Araujo | C11: 540 | D11: 6ab11d97-40cc-4275-93d4-fda17a00445f
A12: 5 | B12: José Heraldo Vaughi Jr | C12: 450 | D12: f3c0feab-f1a4-4c48-8860-f31ec9624720
A13: 6 | B13: Arnaldo Fernandes | C13: 405 | D13: 98e770ec-3b4a-4926-ae42-3f94f793e5c9
A14: 7 | B14: leonardo nascimento aguiar | C14: 360 | D14: dcb542fc-ffe8-4b31-bb9c-04ed778f69a1
A15: 8 | B15: Andrey Pérez do lago | C15: 315 | D15: 77f10e48-14e7-4092-b1ce-a854127650fe
A16: 9 | B16: jonathan duarte sobral | C16: 10 | D16: f066f647-b801-4b92-bc33-ea8a1bea3dd0
A17: 10 | B17: MAURILIO MARDEGAN MENDES | C17: 10 | D17: 064c16f0-6f94-4aeb-9bc6-932f228f1cbf
A18: — | B18: Abilio Moço Vieira Neto | C18: 10 | D18: 5d2d11fa-fe04-4b55-bba1-60754b2d77f4
A19: — | B19: Adrian Moro Moz | C19: 10 | D19: 1863ace8-d2a8-4d4a-b70a-3e3e84be9ebd
A20: — | B20: Alexandre Hirazawa | C20: 10 | D20: c691d3cc-783a-4c89-bd1b-559cccbd51f9
A21: — | B21: Anderson Neris | C21: 10 | D21: 352e977d-2200-45c6-ac7a-28479a134b78
A22: — | B22: Bruno Hirata | C22: 10 | D22: 5a3fcf16-3962-4404-a44c-470d7e202f7c
A23: — | B23: Carlos Alberto dos Santos | C23: 10 | D23: 39d5c327-7408-41de-9b55-d1ed4cc1d388
A24: — | B24: Fábio Makoto Sasaki | C24: 10 | D24: 26fe5221-ebeb-4df5-8a43-8a294ac6ce93
A25: — | B25: Idalino Pereira Ribeiro | C25: 10 | D25: c4ebbf9d-95e3-466d-9de7-77471d8dc4a4
A26: — | B26: Juan jhosep julca chavez | C26: 10 | D26: d5d8c1a6-f080-47b8-b6b6-76a323dd68af
A27: — | B27: Kelvin costner Alves de Oliveira | C27: 10 | D27: d30ba6a4-f1a4-4dd6-ba3d-0aad5f8e3b6e
A28: — | B28: Lucio Antunes | C28: 10 | D28: f9fb983d-1980-4587-9cda-1a7331878e31
A29: — | B29: Rafael Bryan | C29: 10 | D29: f0215c4b-0e9a-49c6-9a14-a65ed0a51603
... A32: — | B32: Vasco Tavares Neto | C32: 10 | D32: cdb58c59-1a68-4cfd-addc-fd60b340333e
B34: Total de pontos distribuídos | C34: =SUM(C8:C32) -> 4490
B35: "—" = sem colocação (pontua pelo fora do ITM / participação)

Sheet CHAMPIONSHIP HIGH ROLLER 200K
A1: CHAMPIONSHIP HIGH ROLLER 200K
A2: Data (Brasília) | B2: 26/09/2026 19:00 | F2: BUY IN | G2: REENTRY
A3: Buy-in (R$) | B3: 3000 | E3: AÇÕES TOTAIS | F3: 65 | G3: 20
A4: Inscritos | B4: 65
A5: Modelo de ranking | B5: Ranking Geral SPT
A6: Fator do torneio | B6: 1
A7: Posição | B7: Jogador | C7: Pontos | D7: ID jogador
A8: 1 | B8: Idalino Pereira Ribeiro | C8: 2300 | D8: c4ebbf9d-95e3-466d-9de7-77471d8dc4a4
A9: 2 | B9: Warley Santos | C9: 2300 | D9: a1597f02-c745-4804-b91e-5125fd8be63b
A10: 3 | B10: sergio roberto motta | C10: 2012.5 | D10: 9edddfc2-3d8f-4b40-a447-65418cca62df
A11: 4 | B11: Leandro Guedes Burlamaqui | C11: 1725 | D11: 140e2923-c35f-4030-a0b7-736b554fd263
A12: 5 | B12: Athos Matheus Fabio Moreira | C12: 1437.5 | D12: 4dea4cc9-69cf-4f49-a711-468a6d9208a7
A13: 6 | B13: Juan Carlos Guerra Cabrera | C13: 1293.75 | D13: e5723b58-50e9-4b38-941e-b254a238b0d3
A14: 7 | B14: Gabriel Antunes Rodrigues Vital | C14: 1150 | D14: 068c0c2c-6f84-4003-9810-04a260ef4ad8
A15: 8 | B15: Jonatas Henrique Chaves de Castro | C15: 1006.25 | D15: 22ad3b9b-c1c2-4bbb-a2d4-6fa19404bb29
A16: 9 | B16: Caio Araujo | C16: 862.5 | D16: 9613e373-6975-461b-bb7a-c10865de9991
A17: 10 | B17: Vinicius varella de Almeida | C17: 718.75 | D17: 35597d0c-5061-4b3d-9321-bdb40d73ea72
A18: 11 | B18: jonathan duarte sobral | C18: 10 | D18: f066f647-b801-4b92-bc33-ea8a1bea3dd0
A19: 12 | B19: Gabriel Cabello | C19: 10 | D19: 6ff7d620-a783-40df-be8f-689c106a76cb
... A72: 110 | B72: João Paulo Cardoso Barbosa | C72: 10 | D72: 9dfe20e5-f859-4eec-a7b1-4558d6df0094
B74: Total de pontos distribuídos | C74: =SUM(C8:C72) -> 15356.25
B75: "—" = sem colocação (pontua pelo fora do ITM / participação)

Sheet PLO-NLH DEALER´S CHOICE PIJAMA
A1: PLO/NLH DEALER´S CHOICE PIJAMA
A2: Data (Brasília) | B2: 26/09/2026 23:00 | E2: AÇÕES: | F2: BUY IN | G2: REENTRADA
A3: Buy-in (R$) | B3: 500 | F3: 20 | G3: 12
A4: Inscritos | B4: 20
A5: Modelo de ranking | B5: Ranking Geral SPT
A6: Fator do torneio | B6: 1
A7: Posição | B7: Jogador | C7: Pontos | D7: ID jogador
A8: 1 | B8: Rafael Bryan | C8: 700 | D8: f0215c4b-0e9a-49c6-9a14-a65ed0a51603
A9: 2 | B9: Auro Damazio De Assis | C9: 560 | D9: e8f409ae-c83b-49cf-a0fc-72d9c4e932ee
A10: 3 | B10: Fabio Goto | C10: 490 | D10: 63a642ca-91ba-4c3a-b6c2-0db0eae2dfeb
A11: 4 | B11: Kaio magaiva de Oliveira Eloi | C11: 420 | D11: 9269667b-23b4-4c7a-a342-599549965199
A12: 5 | B12: Marcelo Naoki Matsuo | C12: 10 | D12: 6db3cd90-538e-42df-b771-ea66342e5a08
A13: 6 | B13: Cristiano Vieira Santiago | C13: 10 | D13: 60742665-e967-4233-92ad-a5b7037cd617
A14: 7 | B14: Marcelo Lanza | C14: 10 | D14: 0387a8d1-fd63-47aa-b6e6-c9844ffd8f74
A15: — | B15: Alexandre Hirazawa | C15: 10 | D15: c691d3cc-783a-4c89-bd1b-559cccbd51f9
A16: — | B16: Eduardo Isao Kishiyama | C16: 10 | D16: ee08c7d8-ff1e-4180-8ea6-b202f464d19c
A17: — | B17: Felipe Urban | C17: 10 | D17: b5978087-2dc4-4b69-94c1-a94ad7e54e5f
A18: — | B18: Guilherme Ferreira de Godoi | C18: 10 | D18: 211ea831-a5b9-4dae-9f38-0d603a9ad8b1
A19: — | B19: Guilherme kalil | C19: 10 | D19: 17d3a65f-9f94-4ae5-89c9-13dfb3da1fac
A20: — | B20: Gustavo Akio | C20: 10 | D20: ec7d2735-4445-4bc3-9d4b-59b11b88af74
A21: — | B21: Hebert Sampaio Ribeiro | C21: 10 | D21: c0db0f45-6232-49d7-98ad-44131e91f83a
A22: — | B22: Karl Max Ferraz dos Santos | C22: 10 | D22: 2571f4a0-5edc-42f4-be2e-1661166a86f1
A23: — | B23: leonardo nascimento aguiar | C23: 10 | D23: dcb542fc-ffe8-4b31-bb9c-04ed778f69a1
A24: — | B24: Lucas Calixto | C24: 10 | D24: ec2f6982-4907-42f6-8832-b590217eb46c
A25: — | B25: Marco Antonio Alves Guimaraes | C25: 10 | D25: 4adc793d-1cf7-441f-a24c-c018dc4f395c
A26: — | B26: Otávio Dezzotti Júnior | C26: 10 | D26: bbb1c93c-b4e6-4da7-8a3a-4e364f3e290e
A27: — | B27: Regina Cassab | C27: 10 | D27: e3fdc36f-446f-43ed-b524-9faa96e4f9cd
B29: Total de pontos distribuídos | C29: =SUM(C8:C27) -> 2330
B30: "—" = sem colocação (pontua pelo fora do ITM / participação)

Sheet Main Event SPT - Dia Final
A1: 3a Etapa - Main Event SPT · Dia Final
A2: Data (Brasília) | B2: 27/09/2026 17:00
A3: Buy-in (R$) | B3: 0 | G3: BUY IN
A4: Inscritos | B4: 79 | F4: AÇÕES TOTAIS | G4: 79
A5: Modelo de ranking | B5: Ranking Main Event SPT
A6: Fator do torneio | B6: 1
A7: Posição | B7: Jogador | C7: Pontos | D7: ID jogador
A8: 1 | B8: Gustavo Akio | C8: 3780 | D8: ec7d2735-4445-4bc3-9d4b-59b11b88af74
A9: 2 | B9: PEDRO HERNESTO ZUCCARATO BAROSSI | C9: 3024 | D9: 2848e788-065d-4b16-ab46-d6407babf9b4
A10: 3 | B10: CARLOS CORDOBA | C10: 2646 | D10: 913f6d16-ddf5-4cda-8238-543518d89ca8
A11: 4 | B11: Caio falopa ozawa | C11: 2268 | D11: 3dddc23c-4a97-425c-b1a9-6d8a76406e39
A12: 5 | B12: Rafael Bryan | C12: 1890 | D12: f0215c4b-0e9a-49c6-9a14-a65ed0a51603
A13: 6 | B13: Rodrigo Akira | C13: 1701 | D13: fd72cafe-ad50-4a7e-9b82-47c280d68b54
A14: 7 | B14: Rogério da Silva Mota | C14: 1512 | D14: f7e7b6a4-5aa9-4917-ae19-00c2d685d33c
A15: 8 | B15: Thiago dos Santos Souza | C15: 1323 | D15: 851cda3a-3b0b-40c0-9aca-722d56040e85
A16: 9 | B16: HELISSON DE CARVALHO SILVA | C16: 1134 | D16: e8196756-4d61-4d4d-b2d5-d579440827e6
A17: 10 | B17: Marcelo Lanza | C17: 945 | D17: 0387a8d1-fd63-47aa-b6e6-c9844ffd8f74
A18: 11 | B18: Jonatas Henrique Chaves de Castro | C18: 945 | D18: 22ad3b9b-c1c2-4bbb-a2d4-6fa19404bb29
A19: 12 | B19: Claudio Lucio De Araujo | C19: 945 | D19: 6db7035c-03b3-49b2-b09f-08e843a5acfa
... A86: 79 | B86: Denise Caraviello | C86: 10 | D86: 69d964b7-6adf-4d40-8096-4d614257f6f0
A87: — | B87: Afrânio Panzarin | C87: 10 | D87: 6a4e9608-67ed-4275-aded-c274f396b4a8
A88: — | B88: Alexandre Godoy de Moraes | C88: 10 | D88: e59615b2-4004-4d8c-b2d7-9401190703af
A89: — | B89: Alexandre Hirazawa | C89: 10 | D89: c691d3cc-783a-4c89-bd1b-559cccbd51f9
A90: — | B90: Alisson Coutinho Cardoso Machado | C90: 10 | D90: 975f7803-0adb-4c06-b0ba-c9d61f0b5ffe
A91: — | B91: Altino Nunes Teixeira Neto | C91: 10 | D91: ebe95042-a0ff-4e1d-a28b-594f0587b31c
A92: — | B92: Amadeus Doria Alves Pereira | C92: 10 | D92: 53bc39e3-a5ce-45d0-af4a-cfc0457ed064
A93: — | B93: Américo Eduardo Ferreira Vieira | C93: 10 | D93: 73d2c2dc-bb21-4e9c-ad85-1b71cff4117a
A94: — | B94: Anderson Felipe Napolitano | C94: 10 | D94: cc2bc415-71c7-4579-bcbf-ee0a325efbf8
A95: — | B95: Anderson Goes da Silva | C95: 10 | D95: a59c088d-bf0f-4019-b8e9-6526642347f6
A96: — | B96: Anderson Neris | C96: 10 | D96: 352e977d-2200-45c6-ac7a-28479a134b78
A97: — | B97: André Gama Toledo Barberio | C97: 10 | D97: 75352030-2961-4b88-bc29-46192d0c6a23
A98: — | B98: Arthur Gutierrez Andrade | C98: 10 | D98: b33f05af-9ab1-4dba-8756-e5514ee2da14
... A221: — | B221: Willian Pereira Barreto | C221: 10 | D221: 30731263-0701-4649-ae32-6cbf76e46ac0
B223: Total de pontos distribuídos | C223: =SUM(C8:C221) -> 45537
B224: "—" = sem colocação (pontua pelo fora do ITM / participação)

Sheet SECOND CHANCE
A1: SECOND CHANCE
A2: Data (Brasília) | B2: 27/09/2026 18:00
A3: Buy-in (R$) | B3: 250 | F3: BUY IN | G3: REENTRY
A4: Inscritos | B4: 79 | F4: 79 | G4: 94
A5: Modelo de ranking | B5: Ranking Geral SPT
A6: Fator do torneio | B6: 1
A7: Posição | B7: Jogador | C7: Pontos | D7: ID jogador
A8: 1 | B8: Brayan eduardo gonzalez moreno | C8: 1290 | D8: c2deb073-ce9a-4396-80c2-6079c0b773f1
A9: 2 | B9: Marcio dos Passos Silva | C9: 1032 | D9: 2162ca9a-8996-456a-9d03-77fb63eef2b9
A10: 3 | B10: renato puertas garcia | C10: 903 | D10: d6ab4bee-64d9-40a2-8d67-5a1731310e0c
A11: 4 | B11: Manoel Fernando de Oliveira | C11: 774 | D11: 5a574730-7e12-42d7-b633-c1c2ad1e4252
A12: 5 | B12: LEONARDO DURANTE DOMINGUES | C12: 645 | D12: 73facfa3-14a7-48eb-be0f-c0c0f5279f00
A13: 6 | B13: Henrique Perez | C13: 580.5 | D13: 343b93f0-3b2c-4c54-9462-d2e17851fd45
A14: 7 | B14: Rafael De Figueiredo | C14: 516 | D14: 2861545b-c10a-47c2-9e65-9332b33a0806
A15: 8 | B15: Gilmar José Chrusciak | C15: 451.5 | D15: 89624abc-cc55-4e67-bc85-0554b1be8152
A16: 9 | B16: FERNANDO AUGUSTO HERNANDES MACEDO DE CASTRO | C16: 387 | D16: 65325020-b1cf-4eef-84e0-11dcef2b4a50
A17: 10 | B17: Denise Caraviello | C17: 322.5 | D17: 69d964b7-6adf-4d40-8096-4d614257f6f0
A18: 11 | B18: Alacir Imidio da Silva | C18: 322.5 | D18: 42fe41c3-8217-427a-995b-154fc02b7bd5
A19: 12 | B19: DANIELA BUZELLI DE OLIVEIRA | C19: 322.5 | D19: 1eea57c1-e6f3-4996-857d-830550b79f86
... A85: 78 | B85: Jessica Camila grazino dos Santos zein | C85: 10 | D85: ed0afc92-0127-476e-87c7-471508c64d5d
A86: — | B86: Guilherme Ferreira de Godoi | C86: 10 | D86: 211ea831-a5b9-4dae-9f38-0d603a9ad8b1
B88: Total de pontos distribuídos | C88: =SUM(C8:C86) -> 9942.5
B89: "—" = sem colocação (pontua pelo fora do ITM / participação)

Sheet HIGH ROLLER 50K
A1: HIGH ROLLER 50K
A2: Data (Brasília) | B2: 27/09/2026 19:00
A3: Buy-in (R$) | B3: 2000 | F3: BUY IN | G3: REENTRY
A4: Inscritos | B4: 31 | F4: 31 | G4: 30
A5: Modelo de ranking | B5: Ranking Geral SPT
A6: Fator do torneio | B6: 1
A7: Posição | B7: Jogador | C7: Pontos | D7: ID jogador
A8: 1 | B8: Jorge Luís Simões dos santos | C8: 972 | D8: 2e82a3a7-f5f9-471c-a84a-5cbaa2fd6827
A9: 2 | B9: BORIS ALVES MILHO SAENZ | C9: 972 | D9: 9d2ab93c-bb9d-46ae-8759-dad2503ca959
A10: 3 | B10: Gabriel Cabello | C10: 850.5 | D10: 6ff7d620-a783-40df-be8f-689c106a76cb
A11: 4 | B11: João Paulo Cardoso Barbosa | C11: 729 | D11: 9dfe20e5-f859-4eec-a7b1-4558d6df0094
A12: 5 | B12: Carlos Felipe Verlangieri Difini | C12: 607.5 | D12: d1f3f8d1-d4cb-47c5-a0d2-caedbc1aa2df
A13: 6 | B13: Felipe keith makino | C13: 546.75 | D13: 513a1d1b-b59f-4ed0-862c-aaf47daa172a
A14: 7 | B14: Mário Quintanilha | C14: 486 | D14: 735ef3e9-bca7-4aa0-9b9f-4537959185cb
A15: 8 | B15: Rodrigo garrido | C15: 425.25 | D15: e6ab286c-1580-4f8b-99fa-7f5b6b68f057
A16: 9 | B16: Geovane Rodrigues | C16: 364.5 | D16: 0cef31de-1da9-4a84-9859-e7abc6f26a3c
A17: 10 | B17: Leandro Fernandes | C17: 10 | D17: 3c312dcc-17ce-414d-9796-f17e1c376742
A18: 11 | B18: Luis Cesar Farias | C18: 10 | D18: 8cdddc8b-835c-41ee-a726-0b786c75411f
A19: 12 | B19: Edwigenes Doria Alves Pereira | C19: 10 | D19: 7429e92a-f250-421f-87e1-40363db7988e
... A38: 31 | B38: Denilson Eiler | C38: 10 | D38: f1ee6764-7772-48d3-94a7-df5a5a57d456
B40: Total de pontos distribuídos | C40: =SUM(C8:C38) -> 6173.5
B41: "—" = sem colocação (pontua pelo fora do ITM / participação)

Sheet OMAHA DEALER´S CHOICE
A1: OMAHA DEALER´S CHOICE
A2: Data (Brasília) | B2: 27/09/2026 22:00 | G2: BUY IN | H2: REENTRY
A3: Buy-in (R$) | B3: 500 | G3: 23 | H3: 31
A4: Inscritos | B4: 23
A5: Modelo de ranking | B5: Ranking Geral SPT
A6: Fator do torneio | B6: 1
A7: Posição | B7: Jogador | C7: Pontos | D7: ID jogador
A8: 1 | B8: Denilson Eiler | C8: 730 | D8: f1ee6764-7772-48d3-94a7-df5a5a57d456
A9: 2 | B9: Joao Henrique da Silva Santos | C9: 584 | D9: f1ba21e7-0ef7-4d0d-9957-1a49ee2aa9c7
A10: 3 | B10: Cahuê Silva | C10: 511 | D10: 69751524-cba2-4cda-9f43-919b8f94c625
A11: 4 | B11: Lucio Antunes | C11: 438 | D11: f9fb983d-1980-4587-9cda-1a7331878e31
A12: 5 | B12: Guilherme kalil | C12: 365 | D12: 17d3a65f-9f94-4ae5-89c9-13dfb3da1fac
A13: 6 | B13: Rogério da Silva Mota | C13: 328.5 | D13: f7e7b6a4-5aa9-4917-ae19-00c2d685d33c
A14: 7 | B14: FABIO JORGE ISSA GOMES | C14: 292 | D14: 00374b46-9eba-4862-818b-9fdebc8fd831
A15: 8 | B15: PEDRO HERNESTO ZUCCARATO BAROSSI | C15: 10 | D15: 2848e788-065d-4b16-ab46-d6407babf9b4
A16: 9 | B16: Willian Pereira Barreto | C16: 10 | D16: 30731263-0701-4649-ae32-6cbf76e46ac0
A17: 10 | B17: José Heraldo Vaughi Jr | C17: 10 | D17: f3c0feab-f1a4-4c48-8860-f31ec9624720
A18: 11 | B18: Adrian Moro Moz | C18: 10 | D18: 1863ace8-d2a8-4d4a-b70a-3e3e84be9ebd
A19: 12 | B19: Talles Eduardo Andrade Silva | C19: 10 | D19: bbe55b16-9c27-4d20-82d7-aaad63f72799
... A30: 22 | B30: Bruno Larotonda | C30: 10 | D30: 02983ecc-0141-4a93-bfda-ed3a55643047
B32: Total de pontos distribuídos | C32: =SUM(C8:C30) -> 3408.5
B33: "—" = sem colocação (pontua pelo fora do ITM / participação)

Sheet Consolidado
A1: SPT - 3a Etapa — Ranking consolidado
A2: Pontos calculados pela mesma regra do ranking do sistema; a coluna de cada torneio puxa da aba do torneio.
A4: Posição | B4: Jogador | C4: ID jogador | D4: Total | E4: Torneios | F4: 200K OMAHA 5 K.O | G4: HORSE | H4: SUPER K.O | I4: 8 GAME | J4: 100K OMAHA MYSTERY BOUNTY | K4: CHAMPIONSHIP HIGH ROLLER 200K | L4: PLO-NLH DEALER´S CHOICE PIJAMA | M4: Main Event SPT - Dia Final | N4: SECOND CHANCE | O4: HIGH ROLLER 50K | P4: OMAHA DEALER´S CHOICE
A5: =RANK(D5,$D$5:$D$245) -> 1 | B5: Gustavo Akio | C5: ec7d2735-4445-4bc3-9d4b-59b11b88af74 | D5: =SUM(F5:P5) -> 3810 | E5: =COUNTIF('200K OMAHA 5 K.O'!$D$8:$D$37,$C5)+COUNTIF(HORSE!$D$8:$D$26,$C5)+COUNTIF('SUPER K.O'!$D$8:$D$41,$C5)+COUNTIF('8 GAME'!$D$8:$D$21,$C5)+COUNTIF('100K OMAHA MYSTERY BOUNTY'!$D$8:$D$32,$C5)+COUNTIF('CHAMPIONSHIP HIGH ROLLER 200K'!$D$8:$D$72,$C5)+COUNTIF('PLO-NLH DEALER´S CHOICE PIJAMA'!$D$8:$D$27,$C5)+COUNTIF('Main Event SPT - Dia Final'!$D$8:$D$221,$C5)+COUNTIF('SECOND CHANCE'!$D$8:$D$86,$C5)+COUNTIF('HIGH ROLLER 50K'!$D$8:$D$38,$C5)+COUNTIF('OMAHA DEALER´S CHOICE'!$D$8:$D$30,$C5) -> 4 | F5: =SUMIFS('200K OMAHA 5 K.O'!$C$8:$C$37,'200K OMAHA 5 K.O'!$D$8:$D$37,$C5) -> 0 | G5: =SUMIFS(HORSE!$C$8:$C$26,HORSE!$D$8:$D$26,$C5) -> 10 | H5: =SUMIFS('SUPER K.O'!$C$8:$C$41,'SUPER K.O'!$D$8:$D$41,$C5) -> 10 | I5: =SUMIFS('8 GAME'!$C$8:$C$21,'8 GAME'!$D$8:$D$21,$C5) -> 0 | J5: =SUMIFS('100K OMAHA MYSTERY BOUNTY'!$C$8:$C$32,'100K OMAHA MYSTERY BOUNTY'!$D$8:$D$32,$C5) -> 0 | K5: =SUMIFS('CHAMPIONSHIP HIGH ROLLER 200K'!$C$8:$C$72,'CHAMPIONSHIP HIGH ROLLER 200K'!$D$8:$D$72,$C5) -> 0 | L5: =SUMIFS('PLO-NLH DEALER´S CHOICE PIJAMA'!$C$8:$C$27,'PLO-NLH DEALER´S CHOICE PIJAMA'!$D$8:$D$27,$C5) -> 10 | M5: =SUMIFS('Main Event SPT - Dia Final'!$C$8:$C$221,'Main Event SPT - Dia Final'!$D$8:$D$221,$C5) -> 3780 | N5: =SUMIFS('SECOND CHANCE'!$C$8:$C$86,'SECOND CHANCE'!$D$8:$D$86,$C5) -> 0 | O5: =SUMIFS('HIGH ROLLER 50K'!$C$8:$C$38,'HIGH ROLLER 50K'!$D$8:$D$38,$C5) -> 0 | P5: =SUMIFS('OMAHA DEALER´S CHOICE'!$C$8:$C$30,'OMAHA DEALER´S CHOICE'!$D$8:$D$30,$C5) -> 0
A6: =RANK(D6,$D$5:$D$245) -> 2 | B6: PEDRO HERNESTO ZUCCARATO BAROSSI | C6: 2848e788-065d-4b16-ab46-d6407babf9b4 | D6: =SUM(F6:P6) -> 3504.8 | E6: =COUNTIF('200K OMAHA 5 K.O'!$D$8:$D$37,$C6)+COUNTIF(HORSE!$D$8:$D$26,$C6)+COUNTIF('SUPER K.O'!$D$8:$D$41,$C6)+COUNTIF('8 GAME'!$D$8:$D$21,$C6)+COUNTIF('100K OMAHA MYSTERY BOUNTY'!$D$8:$D$32,$C6)+COUNTIF('CHAMPIONSHIP HIGH ROLLER 200K'!$D$8:$D$72,$C6)+COUNTIF('PLO-NLH DEALER´S CHOICE PIJAMA'!$D$8:$D$27,$C6)+COUNTIF('Main Event SPT - Dia Final'!$D$8:$D$221,$C6)+COUNTIF('SECOND CHANCE'!$D$8:$D$86,$C6)+COUNTIF('HIGH ROLLER 50K'!$D$8:$D$38,$C6)+COUNTIF('OMAHA DEALER´S CHOICE'!$D$8:$D$30,$C6) -> 4 | F6: =SUMIFS('200K OMAHA 5 K.O'!$C$8:$C$37,'200K OMAHA 5 K.O'!$D$8:$D$37,$C6) -> 0 | G6: =SUMIFS(HORSE!$C$8:$C$26,HORSE!$D$8:$D$26,$C6) -> 10 | H6: =SUMIFS('SUPER K.O'!$C$8:$C$41,'SUPER K.O'!$D$8:$D$41,$C6) -> 0 | I6: =SUMIFS('8 GAME'!$C$8:$C$21,'8 GAME'!$D$8:$D$21,$C6) -> 460.8 | J6: =SUMIFS('100K OMAHA MYSTERY BOUNTY'!$C$8:$C$32,'100K OMAHA MYSTERY BOUNTY'!$D$8:$D$32,$C6) -> 0 | K6: =SUMIFS('CHAMPIONSHIP HIGH ROLLER 200K'!$C$8:$C$72,'CHAMPIONSHIP HIGH ROLLER 200K'!$D$8:$D$72,$C6) -> 0 | L6: =SUMIFS('PLO-NLH DEALER´S CHOICE PIJAMA'!$C$8:$C$27,'PLO-NLH DEALER´S CHOICE PIJAMA'!$D$8:$D$27,$C6) -> 0 | M6: =SUMIFS('Main Event SPT - Dia Final'!$C$8:$C$221,'Main Event SPT - Dia Final'!$D$8:$D$221,$C6) -> 3024 | N6: =SUMIFS('SECOND CHANCE'!$C$8:$C$86,'SECOND CHANCE'!$D$8:$D$86,$C6) -> 0 | O6: =SUMIFS('HIGH ROLLER 50K'!$C$8:$C$38,'HIGH ROLLER 50K'!$D$8:$D$38,$C6) -> 0 | P6: =SUMIFS('OMAHA DEALER´S CHOICE'!$C$8:$C$30,'OMAHA DEALER´S CHOICE'!$D$8:$D$30,$C6) -> 10
A7: =RANK(D7,$D$5:$D$245) -> 3 | B7: Cahuê Silva | C7: 69751524-cba2-4cda-9f43-919b8f94c625 | D7: =SUM(F7:P7) -> 3157 | E7: =COUNTIF('200K OMAHA 5 K.O'!$D$8:$D$37,$C7)+COUNTIF(HORSE!$D$8:$D$26,$C7)+COUNTIF('SUPER K.O'!$D$8:$D$41,$C7)+COUNTIF('8 GAME'!$D$8:$D$21,$C7)+COUNTIF('100K OMAHA MYSTERY BOUNTY'!$D$8:$D$32,$C7)+COUNTIF('CHAMPIONSHIP HIGH ROLLER 200K'!$D$8:$D$72,$C7)+COUNTIF('PLO-NLH DEALER´S CHOICE PIJAMA'!$D$8:$D$27,$C7)+COUNTIF('Main Event SPT - Dia Final'!$D$8:$D$221,$C7)+COUNTIF('SECOND CHANCE'!$D$8:$D$86,$C7)+COUNTIF('HIGH ROLLER 50K'!$D$8:$D$38,$C7)+COUNTIF('OMAHA DEALER´S CHOICE'!$D$8:$D$30,$C7) -> 7 | F7: =SUMIFS('200K OMAHA 5 K.O'!$C$8:$C$37,'200K OMAHA 5 K.O'!$D$8:$D$37,$C7) -> 960 | G7: =SUMIFS(HORSE!$C$8:$C$26,HORSE!$D$8:$D$26,$C7) -> 0 | H7: =SUMIFS('SUPER K.O'!$C$8:$C$41,'SUPER K.O'!$D$8:$D$41,$C7) -> 0 | I7: =SUMIFS('8 GAME'!$C$8:$C$21,'8 GAME'!$D$8:$D$21,$C7) -> 0 | J7: =SUMIFS('100K OMAHA MYSTERY BOUNTY'!$C$8:$C$32,'100K OMAHA MYSTERY BOUNTY'!$D$8:$D$32,$C7) -> 900 | K7: =SUMIFS('CHAMPIONSHIP HIGH ROLLER 200K'!$C$8:$C$72,'CHAMPIONSHIP HIGH ROLLER 200K'!$D$8:$D$72,$C7) -> 10 | L7: =SUMIFS('PLO-NLH DEALER´S CHOICE PIJAMA'!$C$8:$C$27,'PLO-NLH DEALER´S CHOICE PIJAMA'!$D$8:$D$27,$C7) -> 0 | M7: =SUMIFS('Main Event SPT - Dia Final'!$C$8:$C$221,'Main Event SPT - Dia Final'!$D$8:$D$221,$C7) -> 756 | N7: =SUMIFS('SECOND CHANCE'!$C$8:$C$86,'SECOND CHANCE'!$D$8:$D$86,$C7) -> 10 | O7: =SUMIFS('HIGH ROLLER 50K'!$C$8:$C$38,'HIGH ROLLER 50K'!$D$8:$D$38,$C7) -> 10 | P7: =SUMIFS('OMAHA DEALER´S CHOICE'!$C$8:$C$30,'OMAHA DEALER´S CHOICE'!$D$8:$D$30,$C7) -> 511
A8: =RANK(D8,$D$5:$D$245) -> 4 | B8: Warley Santos | C8: a1597f02-c745-4804-b91e-5125fd8be63b | D8: =SUM(F8:P8) -> 2678 | E8: =COUNTIF('200K OMAHA 5 K.O'!$D$8:$D$37,$C8)+COUNTIF(HORSE!$D$8:$D$26,$C8)+COUNTIF('SUPER K.O'!$D$8:$D$41,$C8)+COUNTIF('8 GAME'!$D$8:$D$21,$C8)+COUNTIF('100K OMAHA MYSTERY BOUNTY'!$D$8:$D$32,$C8)+COUNTIF('CHAMPIONSHIP HIGH ROLLER 200K'!$D$8:$D$72,$C8)+COUNTIF('PLO-NLH DEALER´S CHOICE PIJAMA'!$D$8:$D$27,$C8)+COUNTIF('Main Event SPT - Dia Final'!$D$8:$D$221,$C8)+COUNTIF('SECOND CHANCE'!$D$8:$D$86,$C8)+COUNTIF('HIGH ROLLER 50K'!$D$8:$D$38,$C8)+COUNTIF('OMAHA DEALER´S CHOICE'!$D$8:$D$30,$C8) -> 2 | F8: =SUMIFS('200K OMAHA 5 K.O'!$C$8:$C$37,'200K OMAHA 5 K.O'!$D$8:$D$37,$C8) -> 0 | G8: =SUMIFS(HORSE!$C$8:$C$26,HORSE!$D$8:$D$26,$C8) -> 0 | H8: =SUMIFS('SUPER K.O'!$C$8:$C$41,'SUPER K.O'!$D$8:$D$41,$C8) -> 378 | I8: =SUMIFS('8 GAME'!$C$8:$C$21,'8 GAME'!$D$8:$D$21,$C8) -> 0 | J8: =SUMIFS('100K OMAHA MYSTERY BOUNTY'!$C$8:$C$32,'100K OMAHA MYSTERY BOUNTY'!$D$8:$D$32,$C8) -> 0 | K8: =SUMIFS('CHAMPIONSHIP HIGH ROLLER 200K'!$C$8:$C$72,'CHAMPIONSHIP HIGH ROLLER 200K'!$D$8:$D$72,$C8) -> 2300 | L8: =SUMIFS('PLO-NLH DEALER´S CHOICE PIJAMA'!$C$8:$C$27,'PLO-NLH DEALER´S CHOICE PIJAMA'!$D$8:$D$27,$C8) -> 0 | M8: =SUMIFS('Main Event SPT - Dia Final'!$C$8:$C$221,'Main Event SPT - Dia Final'!$D$8:$D$221,$C8) -> 0 | N8: =SUMIFS('SECOND CHANCE'!$C$8:$C$86,'SECOND CHANCE'!$D$8:$D$86,$C8) -> 0 | O8: =SUMIFS('HIGH ROLLER 50K'!$C$8:$C$38,'HIGH ROLLER 50K'!$D$8:$D$38,$C8) -> 0 | P8: =SUMIFS('OMAHA DEALER´S CHOICE'!$C$8:$C$30,'OMAHA DEALER´S CHOICE'!$D$8:$D$30,$C8) -> 0
A9: =RANK(D9,$D$5:$D$245) -> 5 | B9: CARLOS CORDOBA | C9: 913f6d16-ddf5-4cda-8238-543518d89ca8 | D9: =SUM(F9:P9) -> 2646 | E9: =COUNTIF('200K OMAHA 5 K.O'!$D$8:$D$37,$C9)+COUNTIF(HORSE!$D$8:$D$26,$C9)+COUNTIF('SUPER K.O'!$D$8:$D$41,$C9)+COUNTIF('8 GAME'!$D$8:$D$21,$C9)+COUNTIF('100K OMAHA MYSTERY BOUNTY'!$D$8:$D$32,$C9)+COUNTIF('CHAMPIONSHIP HIGH ROLLER 200K'!$D$8:$D$72,$C9)+COUNTIF('PLO-NLH DEALER´S CHOICE PIJAMA'!$D$8:$D$27,$C9)+COUNTIF('Main Event SPT - Dia Final'!$D$8:$D$221,$C9)+COUNTIF('SECOND CHANCE'!$D$8:$D$86,$C9)+COUNTIF('HIGH ROLLER 50K'!$D$8:$D$38,$C9)+COUNTIF('OMAHA DEALER´S CHOICE'!$D$8:$D$30,$C9) -> 1 | F9: =SUMIFS('200K OMAHA 5 K.O'!$C$8:$C$37,'200K OMAHA 5 K.O'!$D$8:$D$37,$C9) -> 0 | G9: =SUMIFS(HORSE!$C$8:$C$26,HORSE!$D$8:$D$26,$C9) -> 0 | H9: =SUMIFS('SUPER K.O'!$C$8:$C$41,'SUPER K.O'!$D$8:$D$41,$C9) -> 0 | I9: =SUMIFS('8 GAME'!$C$8:$C$21,'8 GAME'!$D$8:$D$21,$C9) -> 0 | J9: =SUMIFS('100K OMAHA MYSTERY BOUNTY'!$C$8:$C$32,'100K OMAHA MYSTERY BOUNTY'!$D$8:$D$32,$C9) -> 0 | K9: =SUMIFS('CHAMPIONSHIP HIGH ROLLER 200K'!$C$8:$C$72,'CHAMPIONSHIP HIGH ROLLER 200K'!$D$8:$D$72,$C9) -> 0 | L9: =SUMIFS('PLO-NLH DEALER´S CHOICE PIJAMA'!$C$8:$C$27,'PLO-NLH DEALER´S CHOICE PIJAMA'!$D$8:$D$27,$C9) -> 0 | M9: =SUMIFS('Main Event SPT - Dia Final'!$C$8:$C$221,'Main Event SPT - Dia Final'!$D$8:$D$221,$C9) -> 2646 | N9: =SUMIFS('SECOND CHANCE'!$C$8:$C$86,'SECOND CHANCE'!$D$8:$D$86,$C9) -> 0 | O9: =SUMIFS('HIGH ROLLER 50K'!$C$8:$C$38,'HIGH ROLLER 50K'!$D$8:$D$38,$C9) -> 0 | P9: =SUMIFS('OMAHA DEALER´S CHOICE'!$C$8:$C$30,'OMAHA DEALER´S CHOICE'!$D$8:$D$30,$C9) -> 0
A10: =RANK(D10,$D$5:$D$245) -> 6 | B10: Rafael Bryan | C10: f0215c4b-0e9a-49c6-9a14-a65ed0a51603 | D10: =SUM(F10:P10) -> 2640 | E10: =COUNTIF('200K OMAHA 5 K.O'!$D$8:$D$37,$C10)+COUNTIF(HORSE!$D$8:$D$26,$C10)+COUNTIF('SUPER K.O'!$D$8:$D$41,$C10)+COUNTIF('8 GAME'!$D$8:$D$21,$C10)+COUNTIF('100K OMAHA MYSTERY BOUNTY'!$D$8:$D$32,$C10)+COUNTIF('CHAMPIONSHIP HIGH ROLLER 200K'!$D$8:$D$72,$C10)+COUNTIF('PLO-NLH DEALER´S CHOICE PIJAMA'!$D$8:$D$27,$C10)+COUNTIF('Main Event SPT - Dia Final'!$D$8:$D$221,$C10)+COUNTIF('SECOND CHANCE'!$D$8:$D$86,$C10)+COUNTIF('HIGH ROLLER 50K'!$D$8:$D$38,$C10)+COUNTIF('OMAHA DEALER´S CHOICE'!$D$8:$D$30,$C10) -> 7 | F10: =SUMIFS('200K OMAHA 5 K.O'!$C$8:$C$37,'200K OMAHA 5 K.O'!$D$8:$D$37,$C10) -> 10 | G10: =SUMIFS(HORSE!$C$8:$C$26,HORSE!$D$8:$D$26,$C10) -> 0 | H10: =SUMIFS('SUPER K.O'!$C$8:$C$41,'SUPER K.O'!$D$8:$D$41,$C10) -> 10 | I10: =SUMIFS('8 GAME'!$C$8:$C$21,'8 GAME'!$D$8:$D$21,$C10) -> 0 | J10: =SUMIFS('100K OMAHA MYSTERY BOUNTY'!$C$8:$C$32,'100K OMAHA MYSTERY BOUNTY'!$D$8:$D$32,$C10) -> 10 | K10: =SUMIFS('CHAMPIONSHIP HIGH ROLLER 200K'!$C$8:$C$72,'CHAMPIONSHIP HIGH ROLLER 200K'!$D$8:$D$72,$C10) -> 10 | L10: =SUMIFS('PLO-NLH DEALER´S CHOICE PIJAMA'!$C$8:$C$27,'PLO-NLH DEALER´S CHOICE PIJAMA'!$D$8:$D$27,$C10) -> 700 | M10: =SUMIFS('Main Event SPT - Dia Final'!$C$8:$C$221,'Main Event SPT - Dia Final'!$D$8:$D$221,$C10) -> 1890 | N10: =SUMIFS('SECOND CHANCE'!$C$8:$C$86,'SECOND CHANCE'!$D$8:$D$86,$C10) -> 0 | O10: =SUMIFS('HIGH ROLLER 50K'!$C$8:$C$38,'HIGH ROLLER 50K'!$D$8:$D$38,$C10) -> 0 | P10: =SUMIFS('OMAHA DEALER´S CHOICE'!$C$8:$C$30,'OMAHA DEALER´S CHOICE'!$D$8:$D$30,$C10) -> 10
A11: =RANK(D11,$D$5:$D$245) -> 7 | B11: Idalino Pereira Ribeiro | C11: c4ebbf9d-95e3-466d-9de7-77471d8dc4a4 | D11: =SUM(F11:P11) -> 2588 | E11: =COUNTIF('200K OMAHA 5 K.O'!$D$8:$D$37,$C11)+COUNTIF(HORSE!$D$8:$D$26,$C11)+COUNTIF('SUPER K.O'!$D$8:$D$41,$C11)+COUNTIF('8 GAME'!$D$8:$D$21,$C11)+COUNTIF('100K OMAHA MYSTERY BOUNTY'!$D$8:$D$32,$C11)+COUNTIF('CHAMPIONSHIP HIGH ROLLER 200K'!$D$8:$D$72,$C11)+COUNTIF('PLO-NLH DEALER´S CHOICE PIJAMA'!$D$8:$D$27,$C11)+COUNTIF('Main Event SPT - Dia Final'!$D$8:$D$221,$C11)+COUNTIF('SECOND CHANCE'!$D$8:$D$86,$C11)+COUNTIF('HIGH ROLLER 50K'!$D$8:$D$38,$C11)+COUNTIF('OMAHA DEALER´S CHOICE'!$D$8:$D$30,$C11) -> 5 | F11: =SUMIFS('200K OMAHA 5 K.O'!$C$8:$C$37,'200K OMAHA 5 K.O'!$D$8:$D$37,$C11) -> 0 | G11: =SUMIFS(HORSE!$C$8:$C$26,HORSE!$D$8:$D$26,$C11) -> 0 | H11: =SUMIFS('SUPER K.O'!$C$8:$C$41,'SUPER K.O'!$D$8:$D$41,$C11) -> 10 | I11: =SUMIFS('8 GAME'!$C$8:$C$21,'8 GAME'!$D$8:$D$21,$C11) -> 0 | J11: =SUMIFS('100K OMAHA MYSTERY BOUNTY'!$C$8:$C$32,'100K OMAHA MYSTERY BOUNTY'!$D$8:$D$32,$C11) -> 10 | K11: =SUMIFS('CHAMPIONSHIP HIGH ROLLER 200K'!$C$8:$C$72,'CHAMPIONSHIP HIGH ROLLER 200K'!$D$8:$D$72,$C11) -> 2300 | L11: =SUMIFS('PLO-NLH DEALER´S CHOICE PIJAMA'!$C$8:$C$27,'PLO-NLH DEALER´S CHOICE PIJAMA'!$D$8:$D$27,$C11) -> 0 | M11: =SUMIFS('Main Event SPT - Dia Final'!$C$8:$C$221,'Main Event SPT - Dia Final'!$D$8:$D$221,$C11) -> 10 | N11: =SUMIFS('SECOND CHANCE'!$C$8:$C$86,'SECOND CHANCE'!$D$8:$D$86,$C11) -> 258 | O11: =SUMIFS('HIGH ROLLER 50K'!$C$8:$C$38,'HIGH ROLLER 50K'!$D$8:$D$38,$C11) -> 0 | P11: =SUMIFS('OMAHA DEALER´S CHOICE'!$C$8:$C$30,'OMAHA DEALER´S CHOICE'!$D$8:$D$30,$C11) -> 0
A12: =RANK(D12,$D$5:$D$245) -> 8 | B12: Rogério da Silva Mota | C12: f7e7b6a4-5aa9-4917-ae19-00c2d685d33c | D12: =SUM(F12:P12) -> 2490.5 | E12: =COUNTIF('200K OMAHA 5 K.O'!$D$8:$D$37,$C12)+COUNTIF(HORSE!$D$8:$D$26,$C12)+COUNTIF('SUPER K.O'!$D$8:$D$41,$C12)+COUNTIF('8 GAME'!$D$8:$D$21,$C12)+COUNTIF('100K OMAHA MYSTERY BOUNTY'!$D$8:$D$32,$C12)+COUNTIF('CHAMPIONSHIP HIGH ROLLER 200K'!$D$8:$D$72,$C12)+COUNTIF('PLO-NLH DEALER´S CHOICE PIJAMA'!$D$8:$D$27,$C12)+COUNTIF('Main Event SPT - Dia Final'!$D$8:$D$221,$C12)+COUNTIF('SECOND CHANCE'!$D$8:$D$86,$C12)+COUNTIF('HIGH ROLLER 50K'!$D$8:$D$38,$C12)+COUNTIF('OMAHA DEALER´S CHOICE'!$D$8:$D$30,$C12) -> 5 | F12: =SUMIFS('200K OMAHA 5 K.O'!$C$8:$C$37,'200K OMAHA 5 K.O'!$D$8:$D$37,$C12) -> 10 | G12: =SUMIFS(HORSE!$C$8:$C$26,HORSE!$D$8:$D$26,$C12) -> 0 | H12: =SUMIFS('SUPER K.O'!$C$8:$C$41,'SUPER K.O'!$D$8:$D$41,$C12) -> 0 | I12: =SUMIFS('8 GAME'!$C$8:$C$21,'8 GAME'!$D$8:$D$21,$C12) -> 0 | J12: =SUMIFS('100K OMAHA MYSTERY BOUNTY'!$C$8:$C$32,'100K OMAHA MYSTERY BOUNTY'!$D$8:$D$32,$C12) -> 630 | K12: =SUMIFS('CHAMPIONSHIP HIGH ROLLER 200K'!$C$8:$C$72,'CHAMPIONSHIP HIGH ROLLER 200K'!$D$8:$D$72,$C12) -> 10 | L12: =SUMIFS('PLO-NLH DEALER´S CHOICE PIJAMA'!$C$8:$C$27,'PLO-NLH DEALER´S CHOICE PIJAMA'!$D$8:$D$27,$C12) -> 0 | M12: =SUMIFS('Main Event SPT - Dia Final'!$C$8:$C$221,'Main Event SPT - Dia Final'!$D$8:$D$221,$C12) -> 1512 | N12: =SUMIFS('SECOND CHANCE'!$C$8:$C$86,'SECOND CHANCE'!$D$8:$D$86,$C12) -> 0 | O12: =SUMIFS('HIGH ROLLER 50K'!$C$8:$C$38,'HIGH ROLLER 50K'!$D$8:$D$38,$C12) -> 0 | P12: =SUMIFS('OMAHA DEALER´S CHOICE'!$C$8:$C$30,'OMAHA DEALER´S CHOICE'!$D$8:$D$30,$C12) -> 328.5
A13: =RANK(D13,$D$5:$D$245) -> 9 | B13: Rodrigo Akira | C13: fd72cafe-ad50-4a7e-9b82-47c280d68b54 | D13: =SUM(F13:P13) -> 2431 | E13: =COUNTIF('200K OMAHA 5 K.O'!$D$8:$D$37,$C13)+COUNTIF(HORSE!$D$8:$D$26,$C13)+COUNTIF('SUPER K.O'!$D$8:$D$41,$C13)+COUNTIF('8 GAME'!$D$8:$D$21,$C13)+COUNTIF('100K OMAHA MYSTERY BOUNTY'!$D$8:$D$32,$C13)+COUNTIF('CHAMPIONSHIP HIGH ROLLER 200K'!$D$8:$D$72,$C13)+COUNTIF('PLO-NLH DEALER´S CHOICE PIJAMA'!$D$8:$D$27,$C13)+COUNTIF('Main Event SPT - Dia Final'!$D$8:$D$221,$C13)+COUNTIF('SECOND CHANCE'!$D$8:$D$86,$C13)+COUNTIF('HIGH ROLLER 50K'!$D$8:$D$38,$C13)+COUNTIF('OMAHA DEALER´S CHOICE'!$D$8:$D$30,$C13) -> 3 | F13: =SUMIFS('200K OMAHA 5 K.O'!$C$8:$C$37,'200K OMAHA 5 K.O'!$D$8:$D$37,$C13) -> 720 | G13: =SUMIFS(HORSE!$C$8:$C$26,HORSE!$D$8:$D$26,$C13) -> 0 | H13: =SUMIFS('SUPER K.O'!$C$8:$C$41,'SUPER K.O'!$D$8:$D$41,$C13) -> 0 | I13: =SUMIFS('8 GAME'!$C$8:$C$21,'8 GAME'!$D$8:$D$21,$C13) -> 0 | J13: =SUMIFS('100K OMAHA MYSTERY BOUNTY'!$C$8:$C$32,'100K OMAHA MYSTERY BOUNTY'!$D$8:$D$32,$C13) -> 0 | K13: =SUMIFS('CHAMPIONSHIP HIGH ROLLER 200K'!$C$8:$C$72,'CHAMPIONSHIP HIGH ROLLER 200K'!$D$8:$D$72,$C13) -> 10 | L13: =SUMIFS('PLO-NLH DEALER´S CHOICE PIJAMA'!$C$8:$C$27,'PLO-NLH DEALER´S CHOICE PIJAMA'!$D$8:$D$27,$C13) -> 0 | M13: =SUMIFS('Main Event SPT - Dia Final'!$C$8:$C$221,'Main Event SPT - Dia Final'!$D$8:$D$221,$C13) -> 1701 | N13: =SUMIFS('SECOND CHANCE'!$C$8:$C$86,'SECOND CHANCE'!$D$8:$D$86,$C13) -> 0 | O13: =SUMIFS('HIGH ROLLER 50K'!$C$8:$C$38,'HIGH ROLLER 50K'!$D$8:$D$38,$C13) -> 0 | P13: =SUMIFS('OMAHA DEALER´S CHOICE'!$C$8:$C$30,'OMAHA DEALER´S CHOICE'!$D$8:$D$30,$C13) -> 0
A14: =RANK(D14,$D$5:$D$245) -> 10 | B14: Caio falopa ozawa | C14: 3dddc23c-4a97-425c-b1a9-6d8a76406e39 | D14: =SUM(F14:P14) -> 2268 | E14: =COUNTIF('200K OMAHA 5 K.O'!$D$8:$D$37,$C14)+COUNTIF(HORSE!$D$8:$D$26,$C14)+COUNTIF('SUPER K.O'!$D$8:$D$41,$C14)+COUNTIF('8 GAME'!$D$8:$D$21,$C14)+COUNTIF('100K OMAHA MYSTERY BOUNTY'!$D$8:$D$32,$C14)+COUNTIF('CHAMPIONSHIP HIGH ROLLER 200K'!$D$8:$D$72,$C14)+COUNTIF('PLO-NLH DEALER´S CHOICE PIJAMA'!$D$8:$D$27,$C14)+COUNTIF('Main Event SPT - Dia Final'!$D$8:$D$221,$C14)+COUNTIF('SECOND CHANCE'!$D$8:$D$86,$C14)+COUNTIF('HIGH ROLLER 50K'!$D$8:$D$38,$C14)+COUNTIF('OMAHA DEALER´S CHOICE'!$D$8:$D$30,$C14) -> 1 | F14: =SUMIFS('200K OMAHA 5 K.O'!$C$8:$C$37,'200K OMAHA 5 K.O'!$D$8:$D$37,$C14) -> 0 | G14: =SUMIFS(HORSE!$C$8:$C$26,HORSE!$D$8:$D$26,$C14) -> 0 | H14: =SUMIFS('SUPER K.O'!$C$8:$C$41,'SUPER K.O'!$D$8:$D$41,$C14) -> 0 | I14: =SUMIFS('8 GAME'!$C$8:$C$21,'8 GAME'!$D$8:$D$21,$C14) -> 0 | J14: =SUMIFS('100K OMAHA MYSTERY BOUNTY'!$C$8:$C$32,'100K OMAHA MYSTERY BOUNTY'!$D$8:$D$32,$C14) -> 0 | K14: =SUMIFS('CHAMPIONSHIP HIGH ROLLER 200K'!$C$8:$C$72,'CHAMPIONSHIP HIGH ROLLER 200K'!$D$8:$D$72,$C14) -> 0 | L14: =SUMIFS('PLO-NLH DEALER´S CHOICE PIJAMA'!$C$8:$C$27,'PLO-NLH DEALER´S CHOICE PIJAMA'!$D$8:$D$27,$C14) -> 0 | M14: =SUMIFS('Main Event SPT - Dia Final'!$C$8:$C$221,'Main Event SPT - Dia Final'!$D$8:$D$221,$C14) -> 2268 | N14: =SUMIFS('SECOND CHANCE'!$C$8:$C$86,'SECOND CHANCE'!$D$8:$D$86,$C14) -> 0 | O14: =SUMIFS('HIGH ROLLER 50K'!$C$8:$C$38,'HIGH ROLLER 50K'!$D$8:$D$38,$C14) -> 0 | P14: =SUMIFS('OMAHA DEALER´S CHOICE'!$C$8:$C$30,'OMAHA DEALER´S CHOICE'!$D$8:$D$30,$C14) -> 0
A15: =RANK(D15,$D$5:$D$245) -> 11 | B15: Marcelo Lanza | C15: 0387a8d1-fd63-47aa-b6e6-c9844ffd8f74 | D15: =SUM(F15:P15) -> 2121.4 | E15: =COUNTIF('200K OMAHA 5 K.O'!$D$8:$D$37,$C15)+COUNTIF(HORSE!$D$8:$D$26,$C15)+COUNTIF('SUPER K.O'!$D$8:$D$41,$C15)+COUNTIF('8 GAME'!$D$8:$D$21,$C15)+COUNTIF('100K OMAHA MYSTERY BOUNTY'!$D$8:$D$32,$C15)+COUNTIF('CHAMPIONSHIP HIGH ROLLER 200K'!$D$8:$D$72,$C15)+COUNTIF('PLO-NLH DEALER´S CHOICE PIJAMA'!$D$8:$D$27,$C15)+COUNTIF('Main Event SPT - Dia Final'!$D$8:$D$221,$C15)+COUNTIF('SECOND CHANCE'!$D$8:$D$86,$C15)+COUNTIF('HIGH ROLLER 50K'!$D$8:$D$38,$C15)+COUNTIF('OMAHA DEALER´S CHOICE'!$D$8:$D$30,$C15) -> 4 | F15: =SUMIFS('200K OMAHA 5 K.O'!$C$8:$C$37,'200K OMAHA 5 K.O'!$D$8:$D$37,$C15) -> 0 | G15: =SUMIFS(HORSE!$C$8:$C$26,HORSE!$D$8:$D$26,$C15) -> 552 | H15: =SUMIFS('SUPER K.O'!$C$8:$C$41,'SUPER K.O'!$D$8:$D$41,$C15) -> 0 | I15: =SUMIFS('8 GAME'!$C$8:$C$21,'8 GAME'!$D$8:$D$21,$C15) -> 614.4 | J15: =SUMIFS('100K OMAHA MYSTERY BOUNTY'!$C$8:$C$32,'100K OMAHA MYSTERY BOUNTY'!$D$8:$D$32,$C15) -> 0 | K15: =SUMIFS('CHAMPIONSHIP HIGH ROLLER 200K'!$C$8:$C$72,'CHAMPIONSHIP HIGH ROLLER 200K'!$D$8:$D$72,$C15) -> 0 | L15: =SUMIFS('PLO-NLH DEALER´S CHOICE PIJAMA'!$C$8:$C$27,'PLO-NLH DEALER´S CHOICE PIJAMA'!$D$8:$D$27,$C15) -> 10 | M15: =SUMIFS('Main Event SPT - Dia Final'!$C$8:$C$221,'Main Event SPT - Dia Final'!$D$8:$D$221,$C15) -> 945 | N15: =SUMIFS('SECOND CHANCE'!$C$8:$C$86,'SECOND CHANCE'!$D$8:$D$86,$C15) -> 0 | O15: =SUMIFS('HIGH ROLLER 50K'!$C$8:$C$38,'HIGH ROLLER 50K'!$D$8:$D$38,$C15) -> 0 | P15: =SUMIFS('OMAHA DEALER´S CHOICE'!$C$8:$C$30,'OMAHA DEALER´S CHOICE'!$D$8:$D$30,$C15) -> 0
A16: =RANK(D16,$D$5:$D$245) -> 12 | B16: sergio roberto motta | C16: 9edddfc2-3d8f-4b40-a447-65418cca62df | D16: =SUM(F16:P16) -> 2032.5 | E16: =COUNTIF('200K OMAHA 5 K.O'!$D$8:$D$37,$C16)+COUNTIF(HORSE!$D$8:$D$26,$C16)+COUNTIF('SUPER K.O'!$D$8:$D$41,$C16)+COUNTIF('8 GAME'!$D$8:$D$21,$C16)+COUNTIF('100K OMAHA MYSTERY BOUNTY'!$D$8:$D$32,$C16)+COUNTIF('CHAMPIONSHIP HIGH ROLLER 200K'!$D$8:$D$72,$C16)+COUNTIF('PLO-NLH DEALER´S CHOICE PIJAMA'!$D$8:$D$27,$C16)+COUNTIF('Main Event SPT - Dia Final'!$D$8:$D$221,$C16)+COUNTIF('SECOND CHANCE'!$D$8:$D$86,$C16)+COUNTIF('HIGH ROLLER 50K'!$D$8:$D$38,$C16)+COUNTIF('OMAHA DEALER´S CHOICE'!$D$8:$D$30,$C16) -> 3 | F16: =SUMIFS('200K OMAHA 5 K.O'!$C$8:$C$37,'200K OMAHA 5 K.O'!$D$8:$D$37,$C16) -> 0 | G16: =SUMIFS(HORSE!$C$8:$C$26,HORSE!$D$8:$D$26,$C16) -> 0 | H16: =SUMIFS('SUPER K.O'!$C$8:$C$41,'SUPER K.O'!$D$8:$D$41,$C16) -> 0 | I16: =SUMIFS('8 GAME'!$C$8:$C$21,'8 GAME'!$D$8:$D$21,$C16) -> 0 | J16: =SUMIFS('100K OMAHA MYSTERY BOUNTY'!$C$8:$C$32,'100K OMAHA MYSTERY BOUNTY'!$D$8:$D$32,$C16) -> 0 | K16: =SUMIFS('CHAMPIONSHIP HIGH ROLLER 200K'!$C$8:$C$72,'CHAMPIONSHIP HIGH ROLLER 200K'!$D$8:$D$72,$C16) -> 2012.5 | L16: =SUMIFS('PLO-NLH DEALER´S CHOICE PIJAMA'!$C$8:$C$27,'PLO-NLH DEALER´S CHOICE PIJAMA'!$D$8:$D$27,$C16) -> 0 | M16: =SUMIFS('Main Event SPT - Dia Final'!$C$8:$C$221,'Main Event SPT - Dia Final'!$D$8:$D$221,$C16) -> 10 | N16: =SUMIFS('SECOND CHANCE'!$C$8:$C$86,'SECOND CHANCE'!$D$8:$D$86,$C16) -> 0 | O16: =SUMIFS('HIGH ROLLER 50K'!$C$8:$C$38,'HIGH ROLLER 50K'!$D$8:$D$38,$C16) -> 10 | P16: =SUMIFS('OMAHA DEALER´S CHOICE'!$C$8:$C$30,'OMAHA DEALER´S CHOICE'!$D$8:$D$30,$C16) -> 0
... A245: =RANK(D245,$D$5:$D$245) -> 173 | B245: Jessica Camila grazino dos Santos zein | C245: ed0afc92-0127-476e-87c7-471508c64d5d | D245: =SUM(F245:P245) -> 10 | E245: =COUNTIF('200K OMAHA 5 K.O'!$D$8:$D$37,$C245)+COUNTIF(HORSE!$D$8:$D$26,$C245)+COUNTIF('SUPER K.O'!$D$8:$D$41,$C245)+COUNTIF('8 GAME'!$D$8:$D$21,$C245)+COUNTIF('100K OMAHA MYSTERY BOUNTY'!$D$8:$D$32,$C245)+COUNTIF('CHAMPIONSHIP HIGH ROLLER 200K'!$D$8:$D$72,$C245)+COUNTIF('PLO-NLH DEALER´S CHOICE PIJAMA'!$D$8:$D$27,$C245)+COUNTIF('Main Event SPT - Dia Final'!$D$8:$D$221,$C245)+COUNTIF('SECOND CHANCE'!$D$8:$D$86,$C245)+COUNTIF('HIGH ROLLER 50K'!$D$8:$D$38,$C245)+COUNTIF('OMAHA DEALER´S CHOICE'!$D$8:$D$30,$C245) -> 1 | F245: =SUMIFS('200K OMAHA 5 K.O'!$C$8:$C$37,'200K OMAHA 5 K.O'!$D$8:$D$37,$C245) -> 0 | G245: =SUMIFS(HORSE!$C$8:$C$26,HORSE!$D$8:$D$26,$C245) -> 0 | H245: =SUMIFS('SUPER K.O'!$C$8:$C$41,'SUPER K.O'!$D$8:$D$41,$C245) -> 0 | I245: =SUMIFS('8 GAME'!$C$8:$C$21,'8 GAME'!$D$8:$D$21,$C245) -> 0 | J245: =SUMIFS('100K OMAHA MYSTERY BOUNTY'!$C$8:$C$32,'100K OMAHA MYSTERY BOUNTY'!$D$8:$D$32,$C245) -> 0 | K245: =SUMIFS('CHAMPIONSHIP HIGH ROLLER 200K'!$C$8:$C$72,'CHAMPIONSHIP HIGH ROLLER 200K'!$D$8:$D$72,$C245) -> 0 | L245: =SUMIFS('PLO-NLH DEALER´S CHOICE PIJAMA'!$C$8:$C$27,'PLO-NLH DEALER´S CHOICE PIJAMA'!$D$8:$D$27,$C245) -> 0 | M245: =SUMIFS('Main Event SPT - Dia Final'!$C$8:$C$221,'Main Event SPT - Dia Final'!$D$8:$D$221,$C245) -> 0 | N245: =SUMIFS('SECOND CHANCE'!$C$8:$C$86,'SECOND CHANCE'!$D$8:$D$86,$C245) -> 10 | O245: =SUMIFS('HIGH ROLLER 50K'!$C$8:$C$38,'HIGH ROLLER 50K'!$D$8:$D$38,$C245) -> 0 | P245: =SUMIFS('OMAHA DEALER´S CHOICE'!$C$8:$C$30,'OMAHA DEALER´S CHOICE'!$D$8:$D$30,$C245) -> 0
B247: Total | D247: =SUM(D5:D245) -> 102141.55 | F247: =SUM(F5:F245) -> 6620 | G247: =SUM(G5:G245) -> 2289 | H247: =SUM(H5:H245) -> 3514 | I247: =SUM(I5:I245) -> 2480.8 | J247: =SUM(J5:J245) -> 4490 | K247: =SUM(K5:K245) -> 15356.25 | L247: =SUM(L5:L245) -> 2330 | M247: =SUM(M5:M245) -> 45537 | ... P247: =SUM(P5:P245) -> 3408.5
